﻿<?xml version="1.0" encoding="utf-8"?>
<metadata xml:lang="en">
  <Esri>
    <CreaDate>20170619</CreaDate>
    <CreaTime>11135000</CreaTime>
    <ArcGISFormat>1.0</ArcGISFormat>
    <SyncOnce>FALSE</SyncOnce>
    <DataProperties>
      <itemProps>
        <itemName Sync="TRUE">Washroom</itemName>
        <imsContentType Sync="TRUE">002</imsContentType>
        <itemLocation>
          <linkage Sync="FALSE">withheld</linkage>
          <protocol Sync="TRUE">Local Area Network</protocol>
        </itemLocation>
        <nativeExtBox>
          <westBL Sync="TRUE">-9812551.049900</westBL>
          <eastBL Sync="TRUE">-9812551.049900</eastBL>
          <southBL Sync="TRUE">5128523.630800</southBL>
          <northBL Sync="TRUE">5128523.630800</northBL>
          <exTypeCode Sync="TRUE">1</exTypeCode>
        </nativeExtBox>
      </itemProps>
      <coordRef>
        <type Sync="TRUE">Projected</type>
        <geogcsn Sync="TRUE">GCS_WGS_1984</geogcsn>
        <csUnits Sync="TRUE">Linear Unit: Meter (1.000000)</csUnits>
        <projcsn Sync="TRUE">WGS_1984_Web_Mercator_Auxiliary_Sphere</projcsn>
        <peXml Sync="TRUE">&lt;ProjectedCoordinateSystem xsi:type='typens:ProjectedCoordinateSystem' xmlns:xsi='http://www.w3.org/2001/XMLSchema-instance' xmlns:xs='http://www.w3.org/2001/XMLSchema' xmlns:typens='http://www.esri.com/schemas/ArcGIS/2.1.0'&gt;&lt;WKT&gt;PROJCS[&amp;quot;WGS_1984_Web_Mercator_Auxiliary_Sphere&amp;quot;,GEOGCS[&amp;quot;GCS_WGS_1984&amp;quot;,DATUM[&amp;quot;D_WGS_1984&amp;quot;,SPHEROID[&amp;quot;WGS_1984&amp;quot;,6378137.0,298.257223563]],PRIMEM[&amp;quot;Greenwich&amp;quot;,0.0],UNIT[&amp;quot;Degree&amp;quot;,0.0174532925199433]],PROJECTION[&amp;quot;Mercator_Auxiliary_Sphere&amp;quot;],PARAMETER[&amp;quot;False_Easting&amp;quot;,0.0],PARAMETER[&amp;quot;False_Northing&amp;quot;,0.0],PARAMETER[&amp;quot;Central_Meridian&amp;quot;,0.0],PARAMETER[&amp;quot;Standard_Parallel_1&amp;quot;,0.0],PARAMETER[&amp;quot;Auxiliary_Sphere_Type&amp;quot;,0.0],UNIT[&amp;quot;Meter&amp;quot;,1.0],AUTHORITY[&amp;quot;EPSG&amp;quot;,3857]]&lt;/WKT&gt;&lt;XOrigin&gt;-20037700&lt;/XOrigin&gt;&lt;YOrigin&gt;-30241100&lt;/YOrigin&gt;&lt;XYScale&gt;10000&lt;/XYScale&gt;&lt;ZOrigin&gt;-100000&lt;/ZOrigin&gt;&lt;ZScale&gt;10000&lt;/ZScale&gt;&lt;MOrigin&gt;-100000&lt;/MOrigin&gt;&lt;MScale&gt;10000&lt;/MScale&gt;&lt;XYTolerance&gt;0.001&lt;/XYTolerance&gt;&lt;ZTolerance&gt;0.001&lt;/ZTolerance&gt;&lt;MTolerance&gt;0.001&lt;/MTolerance&gt;&lt;HighPrecision&gt;true&lt;/HighPrecision&gt;&lt;WKID&gt;102100&lt;/WKID&gt;&lt;LatestWKID&gt;3857&lt;/LatestWKID&gt;&lt;/ProjectedCoordinateSystem&gt;</peXml>
      </coordRef>
    </DataProperties>
    <SyncDate>20180129</SyncDate>
    <SyncTime>09340500</SyncTime>
    <ModDate>20180129</ModDate>
    <ModTime>9355700</ModTime>
    <scaleRange>
      <minScale>150000000</minScale>
      <maxScale>5000</maxScale>
    </scaleRange>
  </Esri>
  <dataIdInfo>
    <envirDesc Sync="TRUE">Microsoft Windows 7 Version 6.1 (Build 7601) Service Pack 1; Esri ArcGIS 12.1.0.10257</envirDesc>
    <dataLang>
      <languageCode value="eng" Sync="TRUE" />
      <countryCode value="USA" Sync="TRUE" />
    </dataLang>
    <idCitation>
      <resTitle Sync="TRUE">Washroom</resTitle>
      <presForm>
        <PresFormCd value="005" Sync="TRUE" />
      </presForm>
    </idCitation>
    <spatRpType>
      <SpatRepTypCd value="001" Sync="TRUE" />
    </spatRpType>
    <dataExt>
      <geoEle>
        <GeoBndBox esriExtentType="search">
          <exTypeCode Sync="TRUE">1</exTypeCode>
          <westBL Sync="TRUE">-88.147646</westBL>
          <eastBL Sync="TRUE">-88.147646</eastBL>
          <northBL Sync="TRUE">41.782963</northBL>
          <southBL Sync="TRUE">41.782963</southBL>
        </GeoBndBox>
      </geoEle>
    </dataExt>
    <idPurp>Fictional dataset to represent washroom points, for training purposes only.</idPurp>
    <idCredit>Esri Training Services</idCredit>
    <searchKeys>
      <keyword>washroom points</keyword>
      <keyword>EsriTraining</keyword>
    </searchKeys>
  </dataIdInfo>
  <mdLang>
    <languageCode value="eng" Sync="TRUE" />
    <countryCode value="USA" Sync="TRUE" />
  </mdLang>
  <mdChar>
    <CharSetCd value="004" Sync="TRUE" />
  </mdChar>
  <distInfo>
    <distFormat>
      <formatName Sync="TRUE">File Geodatabase Feature Class</formatName>
    </distFormat>
  </distInfo>
  <mdHrLv>
    <ScopeCd value="005" Sync="TRUE" />
  </mdHrLv>
  <mdHrLvName Sync="TRUE">dataset</mdHrLvName>
  <refSysInfo>
    <RefSystem>
      <refSysID>
        <identCode code="3857" Sync="TRUE" />
        <idCodeSpace Sync="TRUE">EPSG</idCodeSpace>
        <idVersion Sync="TRUE">8.8(9.3.1.2)</idVersion>
      </refSysID>
    </RefSystem>
  </refSysInfo>
  <spatRepInfo>
    <VectSpatRep>
      <geometObjs Name="Washroom">
        <geoObjTyp>
          <GeoObjTypCd value="004" Sync="TRUE" />
        </geoObjTyp>
        <geoObjCnt Sync="TRUE">1</geoObjCnt>
      </geometObjs>
      <topLvl>
        <TopoLevCd value="001" Sync="TRUE" />
      </topLvl>
    </VectSpatRep>
  </spatRepInfo>
  <spdoinfo>
    <ptvctinf>
      <esriterm Name="Washroom">
        <efeatyp Sync="TRUE">Simple</efeatyp>
        <efeageom code="1" Sync="TRUE" />
        <esritopo Sync="TRUE">FALSE</esritopo>
        <efeacnt Sync="TRUE">1</efeacnt>
        <spindex Sync="TRUE">TRUE</spindex>
        <linrefer Sync="TRUE">FALSE</linrefer>
      </esriterm>
    </ptvctinf>
  </spdoinfo>
  <eainfo>
    <detailed Name="Washroom">
      <enttyp>
        <enttypl Sync="TRUE">Washroom</enttypl>
        <enttypt Sync="TRUE">Feature Class</enttypt>
        <enttypc Sync="TRUE">1</enttypc>
      </enttyp>
      <attr>
        <attrlabl Sync="TRUE">OBJECTID</attrlabl>
        <attalias Sync="TRUE">OBJECTID</attalias>
        <attrtype Sync="TRUE">OID</attrtype>
        <attwidth Sync="TRUE">4</attwidth>
        <atprecis Sync="TRUE">0</atprecis>
        <attscale Sync="TRUE">0</attscale>
        <attrdef Sync="TRUE">Internal feature number.</attrdef>
        <attrdefs Sync="TRUE">Esri</attrdefs>
        <attrdomv>
          <udom Sync="TRUE">Sequential unique whole numbers that are automatically generated.</udom>
        </attrdomv>
      </attr>
      <attr>
        <attrlabl Sync="TRUE">Shape</attrlabl>
        <attalias Sync="TRUE">Shape</attalias>
        <attrtype Sync="TRUE">Geometry</attrtype>
        <attwidth Sync="TRUE">0</attwidth>
        <atprecis Sync="TRUE">0</atprecis>
        <attscale Sync="TRUE">0</attscale>
        <attrdef Sync="TRUE">Feature geometry.</attrdef>
        <attrdefs Sync="TRUE">Esri</attrdefs>
        <attrdomv>
          <udom Sync="TRUE">Coordinates defining the features.</udom>
        </attrdomv>
      </attr>
      <attr>
        <attrlabl Sync="TRUE">HasToilet</attrlabl>
        <attalias Sync="TRUE">Has Toilet</attalias>
        <attrtype Sync="TRUE">String</attrtype>
        <attwidth Sync="TRUE">3</attwidth>
        <atprecis Sync="TRUE">0</atprecis>
        <attscale Sync="TRUE">0</attscale>
      </attr>
      <attr>
        <attrlabl Sync="TRUE">HasShower</attrlabl>
        <attalias Sync="TRUE">Has Shower</attalias>
        <attrtype Sync="TRUE">String</attrtype>
        <attwidth Sync="TRUE">3</attwidth>
        <atprecis Sync="TRUE">0</atprecis>
        <attscale Sync="TRUE">0</attscale>
      </attr>
      <attr>
        <attrlabl Sync="TRUE">Residential</attrlabl>
        <attalias Sync="TRUE">Residential</attalias>
        <attrtype Sync="TRUE">String</attrtype>
        <attwidth Sync="TRUE">3</attwidth>
        <atprecis Sync="TRUE">0</atprecis>
        <attscale Sync="TRUE">0</attscale>
      </attr>
    </detailed>
  </eainfo>
  <mdDateSt Sync="TRUE">20180129</mdDateSt>
</metadata>