﻿<?xml version="1.0" encoding="utf-8"?>
<metadata xml:lang="en">
  <Esri>
    <CreaDate>20170616</CreaDate>
    <CreaTime>09473900</CreaTime>
    <SyncOnce>FALSE</SyncOnce>
    <ArcGISFormat>1.0</ArcGISFormat>
    <ArcGISstyle>INSPIRE Metadata Directive</ArcGISstyle>
    <DataProperties>
      <itemProps>
        <itemLocation>
          <linkage Sync="FALSE">withheld</linkage>
          <protocol Sync="TRUE">Local Area Network</protocol>
        </itemLocation>
        <itemName Sync="TRUE">Water_Line</itemName>
        <imsContentType Sync="TRUE">002</imsContentType>
        <nativeExtBox>
          <westBL Sync="TRUE">-9813262.967600</westBL>
          <eastBL Sync="TRUE">-9811668.542600</eastBL>
          <southBL Sync="TRUE">5127950.050600</southBL>
          <northBL Sync="TRUE">5129085.503500</northBL>
          <exTypeCode Sync="TRUE">1</exTypeCode>
        </nativeExtBox>
      </itemProps>
      <coordRef>
        <type Sync="TRUE">Projected</type>
        <geogcsn Sync="TRUE">GCS_WGS_1984</geogcsn>
        <projcsn Sync="TRUE">WGS_1984_Web_Mercator_Auxiliary_Sphere</projcsn>
        <peXml Sync="TRUE">&lt;ProjectedCoordinateSystem xsi:type='typens:ProjectedCoordinateSystem' xmlns:xsi='http://www.w3.org/2001/XMLSchema-instance' xmlns:xs='http://www.w3.org/2001/XMLSchema' xmlns:typens='http://www.esri.com/schemas/ArcGIS/2.1.0'&gt;&lt;WKT&gt;PROJCS[&amp;quot;WGS_1984_Web_Mercator_Auxiliary_Sphere&amp;quot;,GEOGCS[&amp;quot;GCS_WGS_1984&amp;quot;,DATUM[&amp;quot;D_WGS_1984&amp;quot;,SPHEROID[&amp;quot;WGS_1984&amp;quot;,6378137.0,298.257223563]],PRIMEM[&amp;quot;Greenwich&amp;quot;,0.0],UNIT[&amp;quot;Degree&amp;quot;,0.0174532925199433]],PROJECTION[&amp;quot;Mercator_Auxiliary_Sphere&amp;quot;],PARAMETER[&amp;quot;False_Easting&amp;quot;,0.0],PARAMETER[&amp;quot;False_Northing&amp;quot;,0.0],PARAMETER[&amp;quot;Central_Meridian&amp;quot;,0.0],PARAMETER[&amp;quot;Standard_Parallel_1&amp;quot;,0.0],PARAMETER[&amp;quot;Auxiliary_Sphere_Type&amp;quot;,0.0],UNIT[&amp;quot;Meter&amp;quot;,1.0],AUTHORITY[&amp;quot;EPSG&amp;quot;,3857]]&lt;/WKT&gt;&lt;XOrigin&gt;-20037700&lt;/XOrigin&gt;&lt;YOrigin&gt;-30241100&lt;/YOrigin&gt;&lt;XYScale&gt;10000&lt;/XYScale&gt;&lt;ZOrigin&gt;-100000&lt;/ZOrigin&gt;&lt;ZScale&gt;10000&lt;/ZScale&gt;&lt;MOrigin&gt;-100000&lt;/MOrigin&gt;&lt;MScale&gt;10000&lt;/MScale&gt;&lt;XYTolerance&gt;0.001&lt;/XYTolerance&gt;&lt;ZTolerance&gt;0.001&lt;/ZTolerance&gt;&lt;MTolerance&gt;0.001&lt;/MTolerance&gt;&lt;HighPrecision&gt;true&lt;/HighPrecision&gt;&lt;WKID&gt;102100&lt;/WKID&gt;&lt;LatestWKID&gt;3857&lt;/LatestWKID&gt;&lt;/ProjectedCoordinateSystem&gt;</peXml>
        <csUnits Sync="TRUE">Linear Unit: Meter (1.000000)</csUnits>
      </coordRef>
    </DataProperties>
    <SyncDate>20180129</SyncDate>
    <SyncTime>09360200</SyncTime>
    <ModDate>20180129</ModDate>
    <ModTime>9363700</ModTime>
    <ArcGISProfile>ISO19139</ArcGISProfile>
    <scaleRange>
      <minScale>150000000</minScale>
      <maxScale>5000</maxScale>
    </scaleRange>
  </Esri>
  <idinfo>
    <descript>
      <abstract>Water network service connection lines.</abstract>
    </descript>
    <keywords>
      <theme>
        <themekt>ESRI Data Models</themekt>
        <themekey>WaterDistribution</themekey>
      </theme>
    </keywords>
    <spdom>
      <bounding>
        <westbc>NaN</westbc>
        <eastbc>NaN</eastbc>
        <northbc>NaN</northbc>
        <southbc>NaN</southbc>
      </bounding>
    </spdom>
  </idinfo>
  <eainfo>
    <detailed Name="Water_Line">
      <attr>
        <attrlabl Sync="TRUE">OBJECTID</attrlabl>
        <attalias Sync="TRUE">OBJECTID</attalias>
        <attrtype Sync="TRUE">Integer</attrtype>
        <attwidth Sync="TRUE">4</attwidth>
        <atprecis Sync="TRUE">0</atprecis>
        <attscale Sync="TRUE">0</attscale>
        <attrdef Sync="TRUE">Internal feature number.</attrdef>
        <attrdefs Sync="TRUE">ESRI</attrdefs>
        <attrdomv>
          <udom Sync="TRUE">Sequential unique whole numbers that are automatically generated.</udom>
        </attrdomv>
      </attr>
      <attr>
        <attrlabl Sync="TRUE">OBJECTID_1</attrlabl>
        <attalias Sync="TRUE">OBJECTID_1</attalias>
        <attrtype Sync="TRUE">OID</attrtype>
        <attwidth Sync="TRUE">4</attwidth>
        <atprecis Sync="TRUE">0</atprecis>
        <attscale Sync="TRUE">0</attscale>
        <attrdef Sync="TRUE">Internal feature number.</attrdef>
        <attrdefs Sync="TRUE">Esri</attrdefs>
        <attrdomv>
          <udom Sync="TRUE">Sequential unique whole numbers that are automatically generated.</udom>
        </attrdomv>
      </attr>
      <attr>
        <attrlabl Sync="TRUE">SHAPE</attrlabl>
        <attalias Sync="TRUE">Shape</attalias>
        <attrtype Sync="TRUE">Geometry</attrtype>
        <attwidth Sync="TRUE">0</attwidth>
        <atprecis Sync="TRUE">0</atprecis>
        <attscale Sync="TRUE">0</attscale>
        <attrdef Sync="TRUE">Feature geometry.</attrdef>
        <attrdefs Sync="TRUE">ESRI</attrdefs>
        <attrdomv>
          <udom Sync="TRUE">Coordinates defining the features.</udom>
        </attrdomv>
      </attr>
      <attr>
        <attrlabl Sync="TRUE">ACTIVEFLAG</attrlabl>
        <attalias Sync="TRUE">ACTIVEFLAG</attalias>
        <attrtype Sync="TRUE">Integer</attrtype>
        <attwidth Sync="TRUE">4</attwidth>
        <atprecis Sync="TRUE">0</atprecis>
        <attscale Sync="TRUE">0</attscale>
        <attrdef Sync="TRUE">Indicates if the feature is in use/active</attrdef>
      </attr>
      <attr>
        <attrlabl Sync="TRUE">DIAMETER</attrlabl>
        <attalias Sync="TRUE">DIAMETER</attalias>
        <attrtype Sync="TRUE">Double</attrtype>
        <attwidth Sync="TRUE">8</attwidth>
        <atprecis Sync="TRUE">0</atprecis>
        <attscale Sync="TRUE">0</attscale>
        <attrdef Sync="FALSE">The diameter of the laterial</attrdef>
      </attr>
      <attr>
        <attrlabl Sync="TRUE">INSTALLDAT</attrlabl>
        <attalias Sync="TRUE">INSTALLDAT</attalias>
        <attrtype Sync="TRUE">Date</attrtype>
        <attwidth Sync="TRUE">8</attwidth>
        <atprecis Sync="TRUE">0</atprecis>
        <attscale Sync="TRUE">0</attscale>
      </attr>
      <attr>
        <attrlabl Sync="TRUE">ENABLED</attrlabl>
        <attalias Sync="TRUE">ENABLED</attalias>
        <attrtype Sync="TRUE">Integer</attrtype>
        <attwidth Sync="TRUE">4</attwidth>
        <atprecis Sync="TRUE">0</atprecis>
        <attscale Sync="TRUE">0</attscale>
        <attrdef Sync="TRUE">Enabled</attrdef>
      </attr>
      <attr>
        <attrlabl Sync="TRUE">FACILITYID</attrlabl>
        <attalias Sync="TRUE">FACILITYID</attalias>
        <attrtype Sync="TRUE">String</attrtype>
        <attwidth Sync="TRUE">20</attwidth>
        <atprecis Sync="TRUE">0</atprecis>
        <attscale Sync="TRUE">0</attscale>
        <attrdef Sync="TRUE">Locally assigned Facility Identifier</attrdef>
      </attr>
      <attr>
        <attrlabl Sync="TRUE">LASTEDITOR</attrlabl>
        <attalias Sync="TRUE">LASTEDITOR</attalias>
        <attrtype Sync="TRUE">String</attrtype>
        <attwidth Sync="TRUE">50</attwidth>
        <atprecis Sync="TRUE">0</atprecis>
        <attscale Sync="TRUE">0</attscale>
        <attrdef Sync="TRUE">The user who performed the last update</attrdef>
      </attr>
      <attr>
        <attrlabl Sync="TRUE">LASTUPDATE</attrlabl>
        <attalias Sync="TRUE">LASTUPDATE</attalias>
        <attrtype Sync="TRUE">Date</attrtype>
        <attwidth Sync="TRUE">8</attwidth>
        <atprecis Sync="TRUE">0</atprecis>
        <attscale Sync="TRUE">0</attscale>
        <attrdef Sync="TRUE">The date the feature was last updated in the maintenance database</attrdef>
      </attr>
      <attr>
        <attrlabl Sync="TRUE">LINETYPE</attrlabl>
        <attalias Sync="TRUE">LINETYPE</attalias>
        <attrtype Sync="TRUE">String</attrtype>
        <attwidth Sync="TRUE">30</attwidth>
        <atprecis Sync="TRUE">0</atprecis>
        <attscale Sync="TRUE">0</attscale>
        <attrdef Sync="TRUE">The type of laterial</attrdef>
      </attr>
      <attr>
        <attrlabl Sync="TRUE">LOCDESC</attrlabl>
        <attalias Sync="TRUE">LOCDESC</attalias>
        <attrtype Sync="TRUE">String</attrtype>
        <attwidth Sync="TRUE">50</attwidth>
        <atprecis Sync="TRUE">0</atprecis>
        <attscale Sync="TRUE">0</attscale>
        <attrdef Sync="TRUE">Text Description of the geographic location</attrdef>
      </attr>
      <attr>
        <attrlabl Sync="TRUE">MAINTBY</attrlabl>
        <attalias Sync="TRUE">MAINTBY</attalias>
        <attrtype Sync="TRUE">Integer</attrtype>
        <attwidth Sync="TRUE">4</attwidth>
        <atprecis Sync="TRUE">0</atprecis>
        <attscale Sync="TRUE">0</attscale>
        <attrdef Sync="TRUE">Indicates which organization maintains the asset</attrdef>
      </attr>
      <attr>
        <attrlabl Sync="TRUE">MATERIAL</attrlabl>
        <attalias Sync="TRUE">MATERIAL</attalias>
        <attrtype Sync="TRUE">String</attrtype>
        <attwidth Sync="TRUE">20</attwidth>
        <atprecis Sync="TRUE">0</atprecis>
        <attscale Sync="TRUE">0</attscale>
        <attrdef Sync="FALSE">Material the laterial is manufactured with</attrdef>
      </attr>
      <attr>
        <attrlabl Sync="TRUE">OWNEDBY</attrlabl>
        <attalias Sync="TRUE">OWNEDBY</attalias>
        <attrtype Sync="TRUE">Integer</attrtype>
        <attwidth Sync="TRUE">4</attwidth>
        <atprecis Sync="TRUE">0</atprecis>
        <attscale Sync="TRUE">0</attscale>
        <attrdef Sync="TRUE">Indicates which organization owns the asset</attrdef>
      </attr>
      <attr>
        <attrlabl Sync="TRUE">WATERTYPE</attrlabl>
        <attalias Sync="TRUE">WATERTYPE</attalias>
        <attrtype Sync="TRUE">String</attrtype>
        <attwidth Sync="TRUE">30</attwidth>
        <atprecis Sync="TRUE">0</atprecis>
        <attscale Sync="TRUE">0</attscale>
        <attrdef Sync="TRUE">Indicates the type of water in the pipe</attrdef>
      </attr>
      <enttyp>
        <enttypl Sync="TRUE">Water_Line</enttypl>
        <enttypt Sync="TRUE">Feature Class</enttypt>
        <enttypc Sync="TRUE">1</enttypc>
      </enttyp>
      <attr>
        <attrlabl Sync="TRUE">SHAPE_Leng</attrlabl>
        <attalias Sync="TRUE">SHAPE_Leng</attalias>
        <attrtype Sync="TRUE">Double</attrtype>
        <attwidth Sync="TRUE">8</attwidth>
        <atprecis Sync="TRUE">0</atprecis>
        <attscale Sync="TRUE">0</attscale>
      </attr>
      <attr>
        <attrlabl Sync="TRUE">GlobalID</attrlabl>
        <attalias Sync="TRUE">GlobalID</attalias>
        <attrtype Sync="TRUE">String</attrtype>
        <attwidth Sync="TRUE">38</attwidth>
        <atprecis Sync="TRUE">0</atprecis>
        <attscale Sync="TRUE">0</attscale>
      </attr>
      <attr>
        <attrlabl Sync="TRUE">Fkey</attrlabl>
        <attalias Sync="TRUE">Fkey</attalias>
        <attrtype Sync="TRUE">String</attrtype>
        <attwidth Sync="TRUE">38</attwidth>
        <atprecis Sync="TRUE">0</atprecis>
        <attscale Sync="TRUE">0</attscale>
      </attr>
      <attr>
        <attrlabl Sync="TRUE">SHAPE_Length</attrlabl>
        <attalias Sync="TRUE">Shape_Length</attalias>
        <attrtype Sync="TRUE">Double</attrtype>
        <attwidth Sync="TRUE">8</attwidth>
        <atprecis Sync="TRUE">0</atprecis>
        <attscale Sync="TRUE">0</attscale>
        <attrdef Sync="TRUE">Length of feature in internal units.</attrdef>
        <attrdefs Sync="TRUE">ESRI</attrdefs>
        <attrdomv>
          <udom Sync="TRUE">Positive real numbers that are automatically generated.</udom>
        </attrdomv>
      </attr>
    </detailed>
  </eainfo>
  <dataIdInfo>
    <envirDesc Sync="TRUE">Microsoft Windows 7 Version 6.1 (Build 7601) Service Pack 1; Esri ArcGIS 12.1.0.10257</envirDesc>
    <dataLang>
      <languageCode value="eng" country="USA" />
      <countryCode value="USA" Sync="TRUE" />
    </dataLang>
    <idCitation>
      <resTitle Sync="TRUE">Water_Line</resTitle>
      <presForm>
        <PresFormCd value="005" />
      </presForm>
    </idCitation>
    <descKeys>
      <thesaName uuidref="723f6998-058e-11dc-8314-0800200c9a66" />
      <keyword Sync="TRUE">002</keyword>
    </descKeys>
    <spatRpType>
      <SpatRepTypCd value="001" />
    </spatRpType>
    <dataExt>
      <geoEle>
        <GeoBndBox esriExtentType="search">
          <westBL Sync="TRUE">-88.154041</westBL>
          <eastBL Sync="TRUE">-88.139718</eastBL>
          <northBL Sync="TRUE">41.786727</northBL>
          <southBL Sync="TRUE">41.779121</southBL>
          <exTypeCode Sync="TRUE">1</exTypeCode>
        </GeoBndBox>
      </geoEle>
    </dataExt>
    <idPurp>Fictional dataset to represent water lines, for training purposes only.</idPurp>
    <idCredit>Esri Training Services</idCredit>
    <searchKeys>
      <keyword>water lines</keyword>
      <keyword>EsriTraining</keyword>
    </searchKeys>
  </dataIdInfo>
  <mdLang>
    <languageCode value="eng" />
    <countryCode value="USA" Sync="TRUE" />
  </mdLang>
  <distInfo>
    <distFormat>
      <formatName Sync="TRUE">File Geodatabase Feature Class</formatName>
    </distFormat>
  </distInfo>
  <mdHrLv>
    <ScopeCd value="005" />
  </mdHrLv>
  <mdHrLvName Sync="TRUE">dataset</mdHrLvName>
  <refSysInfo>
    <RefSystem>
      <refSysID>
        <identCode code="0" />
        <idCodeSpace Sync="TRUE">EPSG</idCodeSpace>
        <idVersion Sync="TRUE">8.8(9.3.1.2)</idVersion>
      </refSysID>
    </RefSystem>
  </refSysInfo>
  <spdoinfo>
    <ptvctinf>
      <esriterm Name="Water_Line">
        <efeatyp Sync="TRUE">Simple</efeatyp>
        <efeageom code="3" Sync="TRUE" />
        <esritopo Sync="TRUE">FALSE</esritopo>
        <efeacnt Sync="TRUE">1</efeacnt>
        <spindex Sync="TRUE">TRUE</spindex>
        <linrefer Sync="TRUE">TRUE</linrefer>
      </esriterm>
    </ptvctinf>
  </spdoinfo>
  <spatRepInfo>
    <VectSpatRep>
      <geometObjs Name="Water_Line">
        <geoObjTyp>
          <GeoObjTypCd value="002" Sync="TRUE" />
        </geoObjTyp>
        <geoObjCnt Sync="TRUE">1</geoObjCnt>
      </geometObjs>
      <topLvl>
        <TopoLevCd value="001" Sync="TRUE" />
      </topLvl>
    </VectSpatRep>
  </spatRepInfo>
  <mdDateSt Sync="TRUE">20180129</mdDateSt>
</metadata>